{"init_keypoint_positions": [[-0.019385837556426783, -0.07858282658826293, 0.8500692845884255], [0.03737427111694594, -0.04687488717558765, 0.8500680242055014], [-0.17774310218392345, -0.02326129370982448, 0.800076271640981], [-0.17272292431724676, 0.07685112344408322, 0.800076400395919], [0.015340910483454998, 0.0986163602601803, 0.8600668534811213]], "num_keypoints": 5, "num_stages": 4, "grasp_keypoints": [0, -1, 1, -1], "release_keypoints": [-1, 0, -1, 1]}